Year,Population,Growth Rate
2014,7229500,1.007048434
2015,7291300,1.008548309
2016,7336600,1.006212884
2017,7393200,1.007714745
2018,7452600,1.00803441
